path,bytes,sha256
.gitattributes,285,c6102ef666afb9a5b15977dc36f339ef89b6331345219486d77025e45760fe0d
.gitignore,151,ebcda0a1035ccc52fce3f538176d0e6d8347f62dee3b5f670ae99c0d90f37eac
00_control/ADVERSE_LEDGER.csv,15319,c2d9b4bc6a5fd51e0f1b5ad5a314badff19f3bbfee04d6afc38f7005ebde47c5
00_control/AUTHORITY_FREEZE.md,13562,6da00f64e1360cb08774123385c6a3dda359cc0306ee5c4b9ba89b653d6b6f29
00_control/CURRENT_STATE.md,7028,a0ba0c99fbb8f3cddf6f6516d54254fcac30db90d18fa69582a56e69b1f87b9e
00_control/CURSOR.json,2148,aea89a717f4f504c15f905723144c0f3324200e99e429a0be449fce2a8daf7d0
00_control/DECISION_LOG.md,13632,2f8ec21e72897e51c758b7ad9aa22a00a21d5c94c7abc09a895f4c7ead5f3227
00_control/GOAL_AND_WORKFLOW.md,6245,3e532c119a75c35f4d3d6c1717f89acd096e74072b8963d20c2ebe73933e5548
00_control/LECTURE02_PROTECTED_CORRECTIONS.json,2099,3a7d5582e8293d1b47c57bc6e93ee846cbba2bd9fbea6d94c87b9778ad145075
00_control/LECTURE03_PROTECTED_CORRECTIONS.json,966,8beff151d17c801044d88036cbc5a8b53045c0f154a5ffa8dbd5f3f90f86c2fa
00_control/LECTURE04_PROTECTED_CORRECTIONS.json,1933,bbbefb6776c283045ee061fb2113f26d33de6789a54c3afcc08726c270208e3c
00_control/PROTECTED_CORRECTIONS.json,1557,cfe6773f22b7763fd27994f67b1ec6a8f07f7f3c116cc9f1e72e6dd8acf9de7d
00_control/SCOPE_AND_OVERLAP.md,2153,0977db65e61618fca1d9f9ca1e8a185c75a1f49404e7b590ed04d488e38b9d67
00_control/SOLUTION01_PROTECTED_CORRECTIONS.json,408,50bccb4a5c4629a74ed52ea5e2264ffe393276d8c37bee9eb313bf1d62d55c7b
00_control/SOLUTION02_PROTECTED_CORRECTIONS.json,1791,3e3306fa73099461ae0ed2762e912f7cdb5220b1f3db18fc2831aa42dbb36b8f
00_control/SOLUTION04_07_PROTECTED_CORRECTIONS.json,1797,f28d495a184a658a404a3ac039b4d812cbd30bd169f1c23d2984360d734dd1f2
00_control/SOLUTION04_10_PROTECTED_CORRECTIONS.json,1797,43e7ed9e660b52376e7c8ad5df9562d545011e86544f55c09f3100318c12a778
00_control/SOLUTION07_PROTECTED_CORRECTIONS.json,673,e3d8c8b5400fe62efc3e1ba5e93c99eccfc5b0cc0a19cefb7d9e55daeb590ad8
00_control/SOLUTION13_PROTECTED_CORRECTIONS.json,949,d8db7f7a2c025fc88d3c9356ff5c5691fbb69e9e7f9fa6d3a56b26fe3a54611b
00_control/TERMINOLOGY.csv,7068,442cacf41a625a27cb3ebc991d3ac7336d39b03179bc880d3d88f0c9f772ab1d
00_control/WORKSHEET01_PROTECTED_CORRECTIONS.json,406,356b9ab98e7ffd17978dd82488bc54efa345de50a7c890705aa068794095de85
00_control/WORKSHEET02_PROTECTED_CORRECTIONS.json,1318,a841f88378bb64445b29eb15b1b2b34bbeaf9b6acec90f4e1f03176925da8312
00_control/WORKSHEET03_PROTECTED_CORRECTIONS.json,1234,3361dae52fbe51f020692973548eb6510f4bc6ae070a00048e8e479a96754111
00_control/WORKSHEET04_PROTECTED_CORRECTIONS.json,944,248901c4028c096195502727eeb1dadb2dea562394ec2de8d90b5252e9de5131
LICENSE.md,1523,202edb85b09879f393fed4a26b016401deef8f9a8c8eb1ee3a9c0be8316a9a67
README.md,5137,7dac4c38080941e1b3bdc56f748a257653eaee8aa8e5e32bcda7e2d2ad195e5e
authority/brenner_94_link_classification.csv,27075,11cb1423b05d1d17dc0af2e16af9b4d2ad29220db0fb610bc89c7bb978496318
authority/brenner_export_and_title_inventory_receipt.txt,15051,a17007e865aecdf20d3510a711b84469454ec9a1f058a8d0a7c7dd6e6ff662fe
authority/brenner_media_rights_manifest.csv,25551,17d6f1815467ed054fa6af9ad67e06262333e4b95d9fde242adc89da3dab5d04
authority/brenner_selected_root_revisions.csv,15177,924706ba243cc74309198341b4282e4a4fea8fbe0a26fdcdb3ba960d3c5016e4
authority/brenner_selected_surface_revisions.csv,31681,576788f82d7c563c6eb56890a7e3e2d1f8350a99a2a8682499423681a68e0967
authority/expanded/lecture01_source.de.tex,28173,1ebed6aa9a38214811e7b96baab8ce6adf9215dc99e4844e9fb36be2cf7766fd
authority/expanded/lecture02_source.de.tex,22206,f488d809e7d9490c40099d90c2abed2cc8bea39f11923a8d525e6302f3be470a
authority/expanded/lecture03_source.de.tex,28482,c6fa222d45a2abaaa121fabbf68a76ab478d9ede7dd14f370d8e58d40887c25a
authority/expanded/lecture04_source.de.tex,26932,610c85e2cb9838a2ce1deb488ceca6cb7d2ee2ab47f1e657d5df7488796f8402
authority/expanded/script_preamble_source.de.tex,85815,9ad3bb6df10045132a38c5ab86dce8b7157aa851e803872959419a5c5c04d70c
authority/expanded/worksheet01_exercise01_solution_source.de.tex,2539,620804c6a0464a748f9e6923c779d55a4fd5108cfd1236e6d3ac383a3eaff407
authority/expanded/worksheet01_source.de.tex,13135,898fa5416a3fa28cb54901116ae21e70cbb2461b9cb20a86525319a29baa4d9c
authority/expanded/worksheet02_exercise01_solution_source.de.tex,647,6dcc38f066a8350fdba67145857c168e1b6ca532c07af0a8f34ee2b954ad9432
authority/expanded/worksheet02_exercise02_solution_source.de.tex,999,a92e556f50d2216192fc61703eea4bae3d233ab632c8eedb19bd35dec2ed89b0
authority/expanded/worksheet02_exercise07_solution_source.de.tex,1131,90d9007e6a313dcbc4614045f0831b826f7a9af82897e17a36fbce08088ef92b
authority/expanded/worksheet02_exercise12_solution_source.de.tex,4592,3191adb6fbfaf1be11c0e7a061468a4fd6fe9235cd0dea40771ec97bd10f970f
authority/expanded/worksheet02_exercise13_solution_source.de.tex,2060,6896eb6a4a6f4c25bcfaab674847dcd78bc079cfd6c58b3b8542c5c220d85e7b
authority/expanded/worksheet02_source.de.tex,10171,c645aacb16233d832b492315379b0251c33fa52db6b2e7ac24be4ecc9600d3ad
authority/expanded/worksheet03_exercise07_solution_source.de.tex,2514,7e3437274bf4f79b6a3fa719876b09fdbcee4e10523a215e9e6f4ecb566cdb85
authority/expanded/worksheet03_exercise16_solution_source.de.tex,1882,ed49f1889840b8352f634ef01400301849f8303ec27a2a38b334b744ae5e5951
authority/expanded/worksheet03_source.de.tex,9997,8dded699ee9337ebdc4cb76a9373fb8e2f6a5df94c6048c3deaaaeaccb88bac7
authority/expanded/worksheet04_exercise07_solution_source.de.tex,2623,a0df2279b1dbae5bff1a4e50385349080bd8734e20d1a6edec83e528045dc63e
authority/expanded/worksheet04_exercise10_solution_source.de.tex,2633,76a2f5db7eb835b19b924418ae2c1b0cfbcd8cd2d5acc387f695f71cbb069a35
authority/expanded/worksheet04_source.de.tex,11052,81f8d9667581e0e6507dd1684b136c23f3352d1cabf2e8c4013daeb0a312cd00
authority/exports/lecture01_latex_expand.json,34557,d14726deb0a402e35135e956281940bcfe23b019d38b94fca2087b75c3016801
authority/exports/lecture02_latex_expand.json,27945,08a21182f04117a8839ccdea429b986a21aff4763b6a3fabcb2ab5faa3d0d21e
authority/exports/lecture03_latex_expand.json,35350,e544dee50436547ab64b0cfca655eb8247f7e45cf6e0000cabb5850584b3d203
authority/exports/lecture03_latex_expand.json.request.json,673,8044e39d7f3504f7a1e9d0a1e49c80ff38ffb3f35bd5ef52af8338392022f88d
authority/exports/lecture04_latex_expand.json,33018,03cf5fee20d7a52a9e7bd820b30c23ebf0ebfa4bc3bf4f8b75160c5a4754a6fa
authority/exports/lecture04_latex_expand.json.request.json,673,f19e60a5a2cafb91f787116747dd120ee2482cdcb3fe50120fec2df6fc548144
authority/exports/script_preamble_expand.json,95899,90062a8adc3f336e70d6586b5e64b0ab4d47c553b397c0e23b2724d13cc215fb
authority/exports/worksheet01_latex_expand.json,17573,825fb50db84653307ae7b904988a51254b8f195be1685a2a68c1a4431e222410
authority/exports/worksheet02_exercise01_solution_latex_expand.json,903,23d0c3fc186849a1154290b84f4dea5d2908d030155e0027cb8ebdd99e5f2a77
authority/exports/worksheet02_exercise02_solution_latex_expand.json,1342,cc6649a61e48b3423dc1b9dcdb2aa3abedade57deb01da338d3c7387c1d00204
authority/exports/worksheet02_exercise07_solution_latex_expand.json,1548,69b6d2078dbeaafe499085a21ac9c49e0df38fc7530d6f956974d09fb0c983ca
authority/exports/worksheet02_exercise12_solution_latex_expand.json,5358,28281d1f854692bd48fc631296a0f35b2cb3a32a3017d85c5174e7c8e207b9f3
authority/exports/worksheet02_exercise13_solution_latex_expand.json,2635,253464a57f7f95309cbc957f0311d564ef79a945d4bb103d9c159bc8bc1d4605
authority/exports/worksheet02_latex_expand.json,14036,81f0f3d88687a255fbe828ff70f78c15aa7686520b39728598518bc03a724ed2
authority/exports/worksheet03_exercise07_solution_latex_expand.json,3499,de2058af0cb8f57645df2648022bd47ed9ccc75264f053d3934ecbfaf01e8d5a
authority/exports/worksheet03_exercise07_solution_latex_expand.json.request.json,734,937e011979fd13307a84e42098d1523365b10d1676f5e5d0a24e4a1570f430e2
authority/exports/worksheet03_exercise16_solution_latex_expand.json,2360,1521c08d66480710db57309ff684eafdfdffc5da53aa3c0f45636390495bbea6
authority/exports/worksheet03_exercise16_solution_latex_expand.json.request.json,688,b922eaabe61f6dc0f602d8d8b037046fde2677dfcde8de1d669bfd9163d45b7d
authority/exports/worksheet03_latex_expand.json,13951,c532cd6994c01c19b47c856eb7ccb9da57c1f3786e89003c4749cb7269c56773
authority/exports/worksheet03_latex_expand.json.request.json,678,41f87793f4a9c21f77b4ad9878d45b93d880f94de9099c8ca6685d4fc9733224
authority/exports/worksheet04_exercise07_solution_latex_expand.json,3182,41da3a0bcb16b6f96098c0ebd02d9f31aa6d039e947cc3609f44f8dabdeadd99
authority/exports/worksheet04_exercise07_solution_latex_expand.json.request.json,716,58c60686edcffe11107814915c59ca02947aa7fcc1061b3d8c4dd55100018556
authority/exports/worksheet04_exercise10_solution_latex_expand.json,3136,5522dcf59cf3b5a462d600fae6f4303b69a3787cda941063350ea40ef67d27d2
authority/exports/worksheet04_exercise10_solution_latex_expand.json.request.json,734,d28eb58b380c8125e8125ab7f8286ff28c507b21f11c6f8d98536af0821abc91
authority/exports/worksheet04_latex_expand.json,15342,f3718aaf6e79ed1a74202abceb76da4ebcbeea65bd291f02110136744be7134a
authority/exports/worksheet04_latex_expand.json.request.json,678,4039829e56e54c0d92197bdb380dd1df8052a175538a707d083ba23b4794df37
authority/media/2019-07-Helix.jpg,377311,34d8c05038bdcbd34992bba1b1ab8d852a8c1d51975469d14f7640a829430f9e
authority/media/3d-function-6.svg,1215777,16abe6c062235dc6cbdc9358aa4694da94e8f4a993d76f7137e26e4c95a7131b
authority/media/Euler spiral.svg,31848,886d55edfa0fa21ac992ede928cfec4f816742a16b29709ea093113b29e410b9
authority/media/Euler spiral.svg.download.json,472,660c4589901c890cc529fad3253753dfb7f4e30dc5fc6c3edb270ac976c31a18
authority/media/Evolute-parab.svg,44890,851a909594c64be31477e391ea9b45e890305ea62e32e29a1d04bc66cf497db1
authority/media/Evolute-parab.svg.download.json,474,c0197c37df064c5a8ade5d41d45c5e5dfbe03846f7c6c3472b1b36d072a905bc
authority/media/Great circle passing through two points.svg,7568,11cc0326e2bf51f226b1033af7a37f024216707a4c3b69854fadb9905c3409c7
authority/media/Hyperboloid1.png,278393,4c813998156ef1961fa557d3a7c356d737c47291d36159baa955f170e500979b
authority/media/Integral apl rot obsah1.svg,8098,3dc950fd001c3a2e3ef095dcceac915f4701e990ecf513cf314eaef8a8f86dd1
authority/media/Parabola circle.svg,19469,186a981781924575a5e517d83d8ab5bfb829125d0a86edc664a41a589bcfca83
authority/media/Parabola circle.svg.download.json,478,0717fdfdb3017364bca2d1f224da35360150855e72f5df214cbca7d4a2059d39
authority/media/Planned flight map of the Oiseau Blanc.svg,135949,45d3109037287e3111bc60543f43163e2264e8e4d52806b83cfd96279522b1b9
authority/mediawiki/brenner_course_recursive_current.xml,3538709,6b96c90a8b1e52fac57c735f28d0babc56a95050ca015075b755179270d75d14
authority/mediawiki/brenner_latex_kontrolle_recursive_current.xml,3722387,4c489c44a3d856304a8724e04c1007aa8b18d0e7099257aaf711a084eab0de7c
authority/mediawiki/lecture03_latex_surface_revid807136.metadata.json,1199,15d6b2103deee7d79faa01bc7a92dd5b424242fa906acc1c9de0cbd96bed6ef9
authority/mediawiki/lecture03_latex_surface_revid807136.utf8.b64,13,779ad36be278c4b0199abc632648f3abf8331bf43031b493e99bb243ca0a2401
authority/mediawiki/lecture03_latex_surface_revid807136.wiki,10,4ed2bf577a7f53ae3d57df54ac7b20ac7c8611e8a27eca771ffa2c90407234e2
authority/mediawiki/lecture03_root_revid1020016.metadata.json,1174,d21f8559b8c9f60a90eb75eadf66965a97ea4bc7c22175a9a49b15085cb5747d
authority/mediawiki/lecture03_root_revid1020016.utf8.b64,4461,54ee0452c8a20127c2362b38b0c04553b37edf34cfaaad7dd7776457bba4e7cf
authority/mediawiki/lecture03_root_revid1020016.wiki,3346,dce4f26ed84ca4766367ba3e37ceb78f6e8766800544718fb0d344c91e7a0f5f
authority/mediawiki/lecture04_commons_revid1003382720.metadata.json,4253,d45e51649fbe530c3ad2115339ca84baae9f55f8ab139b8b7a1eeb1929ca43f8
authority/mediawiki/lecture04_commons_revid1003382720.utf8.b64,149,0fedc649c2df2e2332820b8a602e4b998d6ee04ff4603d6e7f82a67c983bbf59
authority/mediawiki/lecture04_commons_revid1003382720.wiki,110,888a4d9dcb086c1818372b3b685fa04ab6c2d1f78b3999070b9b6d5f21568dbe
authority/mediawiki/lecture04_latex_surface_revid807138.metadata.json,1199,c71c06285767fe80553acd8c4087ced87caf05035e96a461139cdf4ea3080767
authority/mediawiki/lecture04_latex_surface_revid807138.utf8.b64,13,779ad36be278c4b0199abc632648f3abf8331bf43031b493e99bb243ca0a2401
authority/mediawiki/lecture04_latex_surface_revid807138.wiki,10,4ed2bf577a7f53ae3d57df54ac7b20ac7c8611e8a27eca771ffa2c90407234e2
authority/mediawiki/lecture04_root_revid893683.metadata.json,1169,a62b84608969a5b7dad994d8b239bccfb726ad3f6b3e571392b1d07aaa5af1eb
authority/mediawiki/lecture04_root_revid893683.utf8.b64,253,7027484546c674061105d225f6cda674d55c245d81b4aaffc73a9d23daf794d8
authority/mediawiki/lecture04_root_revid893683.wiki,190,9537bf9fdf4b97805b4dd95392a7ab9c27fdea9ee3f9b9cb4d6bcdf02cd8d551
authority/mediawiki/unit02_media_imageinfo_current.json,4378,b2f4880aab1fe16db93dc0dbfc262a60de43e124f9f15b4332cb251f0f3058c6
authority/mediawiki/unit02_solution_pages_current.json,10819,bf4d8f7b6aab85e1d30c599ea963dcc63f49e9dea548a014c6a78e3e62799627
authority/mediawiki/unit03_media_imageinfo_current.json,7930,0ca15ad45401a73a259aa758b20a56f43779cefa19606da5842df961148850d3
authority/mediawiki/unit03_media_imageinfo_current.json.request.json,693,e040a63485b1a3c24e2d3e95f1334fc3270070426d1b2dd840f7e5c5bfe2e035
authority/mediawiki/unit03_solution_pages_current.json,6618,c05861806b5e697fc675e3fd6cbd385d2b56c65357f7bab97df7edf1303d60e1
authority/mediawiki/unit03_solution_pages_current.json.request.json,1906,7d5bc7d24d9aab106e18d5b9c7d7518980fd188407a5fc158bb607a865503dd7
authority/mediawiki/unit04_official_lecture_pdf_current.json,3779,a863839a800f891839bd6f627fad893641fabc79e502abbc3a0703be98a0d90d
authority/mediawiki/unit04_official_lecture_pdf_current.json.request.json,794,17fe6c19982b640cc4339c1c0ff06374a5955500ef113652d3bf38fff85843d5
authority/mediawiki/unit04_root_surfaces_current.json,1623,5320752fbc40d432e2e923cdbabcb77fd27234f83369d78118b4aae887200b76
authority/mediawiki/unit04_root_surfaces_current.json.request.json,837,7a748031690f91e2872150e4d3f0c9cec109409d8dccaa817667ed63d3eec3fd
authority/mediawiki/unit04_solution_pages_current.json,6333,a216a5929ef9df98432e995a79f5f42ddc91b599d867a1871ac1120b17e186e3
authority/mediawiki/unit04_solution_pages_current.json.request.json,1887,fc15e8766ed149bcd88ad2f1da31bf4a89190675419977d240b93421b1d3f805
authority/mediawiki/worksheet01_exercise01_solution_revid1111802.metadata.json,943,5c3c36c493669ebabe913675887037f1000d17eb6c4ee5bdc1067572f67166f2
authority/mediawiki/worksheet01_exercise01_solution_revid1111802.utf8.b64,3521,b85f6e5009e304baf4d7a3948428494e984d0129160230d03b95a5438268947d
authority/mediawiki/worksheet01_exercise01_solution_revid1111802.wiki,2636,a733026d457018b750e1af9593a3f27b9cee40e7085751252982ea0f01061c9d
authority/mediawiki/worksheet02_exercise01_solution_revid1090802.metadata.json,1181,c9d53e9d3f62bef6683f33255d0561a98f9ef8b200a199edb0ec468a6fb24681
authority/mediawiki/worksheet02_exercise01_solution_revid1090802.utf8.b64,1121,11da56e1117212d28ff0b281f5695d78f802326a83f63cada6d94537c3b4da9c
authority/mediawiki/worksheet02_exercise01_solution_revid1090802.wiki,841,29d98bc1e5ef9090cb17c2ef66abbb87a3e74eb87e39d3d12a8c4034526768ff
authority/mediawiki/worksheet02_exercise02_solution_revid1089268.metadata.json,1203,280c741c2b096236ef8ab0fbdf7f0bf363eb3d8d52f7d654d8426c69089e42a4
authority/mediawiki/worksheet02_exercise02_solution_revid1089268.utf8.b64,1373,37062e0d8a6d1dbf696cb4a3b844877f67d778e1389f7ab6f40a142a0c64f027
authority/mediawiki/worksheet02_exercise02_solution_revid1089268.wiki,1029,0561cbb40f748ffe9819cd3bd6d5d309488c9579327923ae65e022d13e1f045e
authority/mediawiki/worksheet02_exercise07_solution_revid1094222.metadata.json,1173,957796fc854aea026ea4d82acddad3ca8fef21d34e0e979ed6668ddd83d649ee
authority/mediawiki/worksheet02_exercise07_solution_revid1094222.utf8.b64,1365,522cebdffcbf14336ebda09a83e857f26dda5432e6afd699356d0cc371e72ca6
authority/mediawiki/worksheet02_exercise07_solution_revid1094222.wiki,1024,61c90532841778b32b86c4a885b78ccc7983d1bcb0dc4881d434e76dd29e7883
authority/mediawiki/worksheet02_exercise12_solution_revid1095926.metadata.json,1180,c41a8b2bb1fdc83ece67d9803f21b659685786bb592cd021594fdae68dc1769f
authority/mediawiki/worksheet02_exercise12_solution_revid1095926.utf8.b64,4345,60504924967cf86ba0d702c28dfdabe9601a599b7ffba4395d9a3b189b86b9f2
authority/mediawiki/worksheet02_exercise12_solution_revid1095926.wiki,3258,7d39dec738d8da499285438dbfaf6284138f570bba44ae2981476551c0658e64
authority/mediawiki/worksheet02_exercise13_solution_revid1094182.metadata.json,1164,d6329d3daeb9089bc9223ee73c28f99159fb0ef8a9a9878d948c76a15c52aadf
authority/mediawiki/worksheet02_exercise13_solution_revid1094182.utf8.b64,1573,660dced68b370dc3c3b5ef3a9df0225178a4c8726d694f32c52cd2264269819b
authority/mediawiki/worksheet02_exercise13_solution_revid1094182.wiki,1178,025dbf4dbba76f2f798058844c26dd1cab75894d8a214aec9b205c07e3b596e5
authority/mediawiki/worksheet03_exercise07_solution_revid1095913.metadata.json,1276,e919c120e9ef97094a1b86aec01c4daf855c26a6a6384b7e4fa7d5ecf2da4854
authority/mediawiki/worksheet03_exercise07_solution_revid1095913.utf8.b64,2713,9399aa79a602a1411fb21ec2199c19c0a8a0c32fdb92117b3e4d35142ca31be3
authority/mediawiki/worksheet03_exercise07_solution_revid1095913.wiki,2034,44245c94761b141557cef39d6a6c5545ed4c4c5ed68c5224dd4319946e73b0e3
authority/mediawiki/worksheet03_exercise16_solution_revid1095920.metadata.json,1230,ea669dbb332fd5b17d29d7d60eff6a64fc3faa8d626af9f9442ea7fd231d7df9
authority/mediawiki/worksheet03_exercise16_solution_revid1095920.utf8.b64,2457,24e9740affaf02db71434e6690d2fa35fb840e6fc2959aba3439c979fd476832
authority/mediawiki/worksheet03_exercise16_solution_revid1095920.wiki,1842,6212d468239ec69d4964e18ea2a3be1aa6a10232d9eff64dc48958dc45aba8b2
authority/mediawiki/worksheet03_latex_surface_revid807105.metadata.json,1206,41712174fbbdad83ae9f137c237c960a86a167355185f98afb89f7dc44f3979b
authority/mediawiki/worksheet03_latex_surface_revid807105.utf8.b64,13,779ad36be278c4b0199abc632648f3abf8331bf43031b493e99bb243ca0a2401
authority/mediawiki/worksheet03_latex_surface_revid807105.wiki,10,4ed2bf577a7f53ae3d57df54ac7b20ac7c8611e8a27eca771ffa2c90407234e2
authority/mediawiki/worksheet03_root_revid894109.metadata.json,1178,16f13f1595a0ff270e46ba719da804a3b21a864a3a7851dc15e5ed8129a29583
authority/mediawiki/worksheet03_root_revid894109.utf8.b64,3205,774a555dee2588d65343661a1364fbb39dc0e2947db7bf3e6f4ae436a56dbd61
authority/mediawiki/worksheet03_root_revid894109.wiki,2402,ad95252ed6b76400c606ed7288e1376bcc80fed66b19fc6466b208f9631eec54
authority/mediawiki/worksheet04_exercise07_solution_revid1094221.metadata.json,1258,e2e8842ae35d699bd45e4adcb609969612c8891822a3ebdbfa7b89169f2109c7
authority/mediawiki/worksheet04_exercise07_solution_revid1094221.utf8.b64,1909,17d018fe57d3a73e57a196e63f4740e4d7476cffc26cd22c61d3938bd1b4c5a9
authority/mediawiki/worksheet04_exercise07_solution_revid1094221.wiki,1431,3fc2472d610e07fe52f64025ac3ef977b2954922a7918ec86a99f1d9a37e7aac
authority/mediawiki/worksheet04_exercise10_solution_revid1094288.metadata.json,1276,04999d015ab012f96442eb2cb22e237a5f6c7a5892aea0fc0d95174573c3f565
authority/mediawiki/worksheet04_exercise10_solution_revid1094288.utf8.b64,3357,fc450202c25790f7447c13b172394d7584df0eed3f37c1eb65c969d054f8a8fa
authority/mediawiki/worksheet04_exercise10_solution_revid1094288.wiki,2518,b3a4c7eb78f75d173deb9d276cfeb16902288cc1a0046b7051dedf843da95d92
authority/mediawiki/worksheet04_latex_surface_revid807107.metadata.json,1206,ba250ca455768fa6d4afde089736c5af6589d916d3f9ebbd0a138a085b180cfd
authority/mediawiki/worksheet04_latex_surface_revid807107.utf8.b64,13,779ad36be278c4b0199abc632648f3abf8331bf43031b493e99bb243ca0a2401
authority/mediawiki/worksheet04_latex_surface_revid807107.wiki,10,4ed2bf577a7f53ae3d57df54ac7b20ac7c8611e8a27eca771ffa2c90407234e2
authority/mediawiki/worksheet04_root_revid1010985.metadata.json,1181,74ab7dcd8f089a20a59bf7350c80a3b2a4896679e805f0cda82b22bc79190e1b
authority/mediawiki/worksheet04_root_revid1010985.utf8.b64,2541,fed2da620802f3570fbf5109012002e8ba6656d9ea18225bb7c84366551a247b
authority/mediawiki/worksheet04_root_revid1010985.wiki,1904,03e242574b6235be494011021d8f208b0764492fa23c3ad83fe057d3b7c5ce98
authority/pdf/lecture01_electron_current.pdf,865064,87208550af86a83004c95d9d4b004d2d8ac4973da7962f5ed7b26bde933f0ee3
backend/MANIFEST.json,14840,d33f6c72c4be0a73cd3c9d4205422682e36aacb9f8303b63b75d25a1fb5c5a11
backend/README.md,3940,cbd6b43460c4aaae19fabc544f4e3b510ddf2767f83afb590ae67b99f12d527a
backend/records.csv,168680,34a472148f9f376dcc6da220af640c0b4b5f12586b722015789908226059b5ea
backend/records.jsonl,482841,33a4f876f8225e40a006e97453f5530c05b21e327cfd1b7058303fa2421287f9
backend/schema/o011-record-v1.schema.json,3176,64e477d301681cd8f55775bb5825082a3386c9ee83c7e8b305bcf61f1ebb8f0b
backend/unit01_records_frozen.jsonl,97496,7b7cd4e77932d89920c921e886f3a689dcba4d0335325ec93593371552469533
build/brenner-compat.tex,85786,51bcfc80332b373357c4822bc5929266e526c1c1e8e27c4fc3378d08a841c663
build/generated/lecture01.id.build.tex,28576,b6431ed5df863f9a3180610d20989b097c8cf7f234d6d1c999ef0ab1b554e444
build/generated/lecture02.id.build.tex,22207,f74d67449a3bd06081fed332a8f1864c0005b1befefde6d6930b04d05233c5d5
build/generated/lecture03.id.build.tex,29123,f449d9b9529b2d73b0dc51c712e92e06cebd034a233f3ac498fb47a9c7ad4195
build/generated/lecture04.id.build.tex,27171,c68e1dd0a0b5ac4b9fc8ba7da0b376c7e1a06484bba839142fea5f318172ab5e
build/generated/media/3d-function-6.png,1396364,aa7fc7b229dd0427d03a9d85f341232291d221d7624951e6640dc5a69b5c5484
build/generated/media/Euler spiral.png,246540,caf9b6bb9c2ffa5dcb72fee7e9e4bd2890a34724abbc0ffc4ea296deb22261ea
build/generated/media/Evolute-parab.png,84021,fcaacfd7dd60400f7682a5bbc87986e9a8fd99088d291fd03eb51f35723f92b0
build/generated/media/Great circle passing through two points.png,246036,e261725487313ded908063b98da36667fb2b4bc91f6a9bb81accd488536b9110
build/generated/media/Integral apl rot obsah1.png,73268,fe9343b5b2448fd1618edaede2e1a9d22d9388731298ee1cee8597dd854a7055
build/generated/media/Parabola circle.png,59606,26ae5258f872f7b3aab41ddacc4fdc48a4760492ce7a98b203134e16e68f642a
build/generated/media/Planned flight map of the Oiseau Blanc.png,216870,bd0af937518067273911519fd6fc7568202ddc706246ba35e337a52fb3f6de96
build/generated/unit01-media-attribution-cumulative.tex,1610,de290514856a211dbd2ba69d2a7c2f2ac0204bbe90c9c5159346e0ab87a38d4a
build/generated/unit01-media-attribution.tex,1543,f4ed7ddbdfa815c6be6ce67e187a6424318e0a05e7fec4bc0cd28976b1ed0152
build/generated/unit02-media-attribution-cumulative.tex,896,81533a4051923b1c7d36a3f5abe5b4a42a7d17cc68361e68368b70beb91a5d9d
build/generated/unit03-media-attribution-cumulative.tex,1160,355c512d6402bfb5196e3f1f31efff7cfd88a598b935d7125660951a71ffd06d
build/generated/unit04-media-attribution-cumulative.tex,209,5da5c59309fedf0f4419399e079c29750ba2de7939c507d7df90069c952606c2
build/generated/worksheet01.id.build.tex,13443,8a9d9b2335e6eb8a5118d10d28693eee6b29ddf91721408fbee076fa1bec7934
build/generated/worksheet01_exercise01_solution.id.build.tex,2551,6dcde3cb7e101013465d2b8f30fb37031099239dad1f91edf21e91825adba0f8
build/generated/worksheet02.id.build.tex,10286,b3698fa2a4067774ac392f8a445ac418f3ea9be09aa47611291dc9374e6f69b4
build/generated/worksheet02_exercise01_solution.id.build.tex,924,55f4f2933945ccdd3df4cc4ff98bd706f97d2ac12c5cd23b09bf4e01ee3cd305
build/generated/worksheet02_exercise02_solution.id.build.tex,938,2a1b044c20a07228fe7e7af89559e0363cff10e55504ba5d23459282af061e68
build/generated/worksheet02_exercise07_solution.id.build.tex,1472,3c9c49d74f5e2d55be003538713bb790420ee92968d0648b8b302d7151763ab4
build/generated/worksheet02_exercise12_solution.id.build.tex,4982,d126c9cfe31361594c06e84784ad4381cf269b8cffde7ced6b4861df3aae36e1
build/generated/worksheet02_exercise13_solution.id.build.tex,2439,96cc12031d75d2deb955c6ad9a7b22c7b97532a8475902c6566d8df407df137d
build/generated/worksheet03.id.build.tex,9865,356c490f1f94d38886301474da26c280b4eabbb7eaa5657a2a44d5f5bdfe3255
build/generated/worksheet03_exercise07_solution.id.build.tex,2868,1792295fe17f9dc05d0fc48e43d706bc89c6f1ad2794b89643327e927aceb063
build/generated/worksheet03_exercise16_solution.id.build.tex,2085,76d9a8a9cec0913dedfa5ecc526c0731d949004218752f3c2ee8c0858c066436
build/generated/worksheet04.id.build.tex,11712,5dbed57209c4d5742b71d001a0bb75a75b98646f1af24a60c6bfa8982c2515ed
build/generated/worksheet04_exercise07_solution.id.build.tex,1956,8211768921bdc2ae8b17d8800da4101748def3aa795c58098be0057735f71e31
build/generated/worksheet04_exercise10_solution.id.build.tex,2634,d4aef8d6cc6e48aedad38ae59deaeb9c9d9d2ce076bd3fad0088298d966d9471
build/through-unit-02.tex,3508,7351ae7d38250751bb73967454dfb900fb19b2311211d5d5b49e98f1ecf4c36f
build/through-unit-03.tex,4068,887f336c3e9b699daa6dadd685316d2213fa33502a251e53de514c3add626ef6
build/through-unit-04.tex,4602,2866193c17e6061c35aabb5858a91c2f6392df5aa68c8d6c095725bc5f18e5fa
build/unit-01.tex,2367,de7a16c48edef248e64fb995b54e16d69df854e37a6e2468780828406c51ddbc
output/pdf/geometri-diferensial-manifold-mulus-hingga-unit-02-id.pdf,3152320,6312b4df706d0f08eeb9f37da0abda3428b5448dce54781d0f52eb9c8db5c385
output/pdf/geometri-diferensial-manifold-mulus-hingga-unit-03-id.pdf,3596282,aee7f335c8d8110feb7b70448c70680a30700285131d5a1b4e4aeb2f2d04b46a
output/pdf/geometri-diferensial-manifold-mulus-hingga-unit-04-id.pdf,3666928,04f84c2d7abdc721cb0ebafcd4e39c230a01faf60665f84d5e7124bf2574319b
output/pdf/geometri-diferensial-manifold-mulus-unit-01-id.pdf,2678755,eb7e78affacf8a559d0f52a1c44921633d2fa74a070faa64af58efc32d34a568
qa/lecture01_prepare.json,1312,e5da1cf84db9704dd2d7fa35f749564dd60a39df87b10e1e66fc2bed4a996e2d
qa/lecture01_sanitize.json,672,4bf94a991bcaa5a9932c43fd44c3bea83eb35cba0fcfd89990902d2559668478
qa/portable_preamble.json,629,351358ad31c371180370f3fcdcfe557d8c29f12ee36497f5f46ab7c4e2865d19
qa/script_preamble_sanitize.json,678,7394e2b415a44fe6f70a88d16e3bbb4d6fcabe006b6a25c1065e5fb74694cb08
qa/unit-01/PUBLICATION_RECEIPT.md,1280,0405bbd4ed8260908ffdf07b956bc3cc47a6cb62ebb21dd5cc53816fcedb2391
qa/unit-01/RELEASE_MANIFEST.csv,8852,b201a71c303f28ab8939bd82a0832d483da9051e334b98a25e54a0ec1d1ddba1
qa/unit-01/UNIT_01_QA.md,4102,52cb7305ac22ae0466e6a881d034202e0cfcfda0499147dfc4859a4a28197129
qa/unit-01/build.json,3376,9a1721ecf4da0c99818285e0d2e69abc0c9a4f065f249d184d47d2aa967d53a0
qa/unit-01/lecture01_prepare.json,1312,e5da1cf84db9704dd2d7fa35f749564dd60a39df87b10e1e66fc2bed4a996e2d
qa/unit-01/lecture_translation.json,1099,7ba010fd1b1bbfbe7464e23de749771e612cdffee3730f9d5edce117dac1d7a1
qa/unit-01/pdf_structural_qa.json,2019,d1411f88a64e01098f09a4817f238a230896e7f29c6e66ffdcb33e0b2407316d
qa/unit-01/visual_qa.json,1086,ea0485c82b6f15dca3f044f7c7534e3685b9f3bb04cd7e25ba8143cb12d5ec43
qa/unit-01/worksheet01_exercise01_solution_prepare.json,628,e0f14834927ed8770fd52416e30274921178f770907bc52df47d2e651303e84a
qa/unit-01/worksheet01_prepare.json,590,dfd5aa2555ae45796667620fa09f47816b25c56471e14cc45a281f3d8bbb0258
qa/unit-01/worksheet_exercise01_solution_translation.json,997,10e3f3200d463805e68c4d03eb5c893ca58fb5c238ac4b9a881484e8d0cac6f6
qa/unit-01/worksheet_translation.json,986,7a13ed4afb70dd1dbd99d6e253a43c6cd0e782da7f0d1e87b2f117ed4b6ca182
qa/unit-01_media.json,8592,094202f108df957711bcfa4c082a5b88a79eea31639a857d373a1f2ed5a6dca7
qa/unit-02/AUTHORITY_PREFLIGHT.json,20636,7528ba74e49b493f4f0b6b629b351e4d2b9afb6c16d328475be9d1f6d13eae1a
qa/unit-02/AUTHORITY_PREFLIGHT.md,6339,740d778687995d4241b59165986204ac004b2114817f0cfe271d6fb8f8888f82
qa/unit-02/INDEPENDENT_WORKSHEET_MATH_TRANSLATION_AUDIT.md,9360,3f4c005619e05f903e014f580458cef52d99ac6bc11fc6e1d351690cfbe60c6a
qa/unit-02/LECTURE_FINDINGS.md,3380,6ecd9f154ca6750ef2721935ba6c762a21008a90ff5fe7e02f15b52e2d49262d
qa/unit-02/LECTURE_TERMS_PROPOSED.csv,1348,21de0db3bb9f1d3a1b17077415792496dfe39f6fbe0ce42e803887d57d408a82
qa/unit-02/POST_REPAIR_MATH_AUDIT.md,7096,7ca1e3e61f7e7d86cf22e8dc4bd2669607ea68520a36dc77e09a413cc3794734
qa/unit-02/PUBLICATION_RECEIPT.md,1896,b80c2e899640b7a20d40fc653ff43e3d3d20a25052273c37c4cfa5a2cfd8c02a
qa/unit-02/RELEASE_MANIFEST.csv,23563,b981b3329bc13a053799cd85a18751998b87ddbb80977eb4343213916c6f7979
qa/unit-02/RELEASE_NOTES.md,1129,195a7964b544fbda697ae656d9427daa22692af82b46bd2ba02c07199af35c32
qa/unit-02/UNIT_02_QA.md,6326,ef1d89de134f4f9bca59513e8bc3790c9121e6b92d0dae5e67aa0fc882803e4f
qa/unit-02/WORKSHEET_FINDINGS.md,7186,4fc6de36a9fd7706e0d66a7e50dd896b3a2f6c48077bbffb0fb3171e0081d449
qa/unit-02/WORKSHEET_TERMS_PROPOSED.csv,2471,95e9e1b28cb3a694e7822006374787f210c3cdf9de5d08b46eb8b9d290469e6c
qa/unit-02/backend_qa.json,3798,304ee9d7455a169f3b8cdccce1a27d653446fdcb7a582f1bbc5c20ce07fc39c8
qa/unit-02/build.json,5150,7b661a5186ed158c92914ad5fc8b8597f49f4eab0bb2b26515b11dec6e02e3da
qa/unit-02/lecture02_prepare.json,1278,b0dcd1abad3565fb01407c10c41afefc70c85fe62278a5b037b8fd1b967cbb73
qa/unit-02/lecture02_sanitize.json,672,cf5e8040c223c9f981548b795aff52c19116a6d5c2cd77dbc975c57e4ae702e7
qa/unit-02/lecture_translation.corrected.preflight.json,1123,f345d9eb2286aa7c406bd37f8ac0a0e19a5ca42ff013ccfb5254a2946b405abd
qa/unit-02/lecture_translation.json,1159,b9dff95e1ae74e87c22bdaf05ebacb1838316abc06c14843cb7f0cfdd89aab3b
qa/unit-02/lecture_translation.preflight.json,958,3d53925490763ee65bf14c966957b65bae9840c307dec21f3f6477fd55d8e84a
qa/unit-02/pdf_structural_qa.json,10096,abebf6b65942591a1b6fa1c61389295f9111175d7c94dc61cb4bcd2215237574
qa/unit-02/sol01.correction-preflight.json,1023,1afe0b9f9606d183d90875688eb3830dfda16a28b96b2d1829cdd90bdca1609c
qa/unit-02/sol02.correction-preflight.json,1131,d44d1861834d6aaa5b1cab5a59afc11f5ec7f537d4aa299cab5c06cfef333ed8
qa/unit-02/sol07.correction-preflight.json,1035,e1a84f1456863cbe4c24bb551a89e793a311b7027dcd640a60c1d339d37e72b3
qa/unit-02/sol12.correction-preflight.json,998,5ffc9f96bc38ec279a2d2c2734abdae72e000ffe3815f24060d27ac16dd6641c
qa/unit-02/sol13.correction-preflight.json,1057,342e1f9bea0ddb5d78648ef448c7ecd65d28c8107543af7862515c41e3370800
qa/unit-02/solution_closure.json,12965,074d59463b5455c296b6a45eedeec82c34f592436c9172b4038d09d10355dcc6
qa/unit-02/visual_qa.json,1918,41971a564ca4ad80b070e084a5661087eed7c780fab0b6057109d447011004ee
qa/unit-02/worksheet.correction-preflight.json,1064,871ebfdb9a108d30188dacbefa0c5ee079c65d22cec5da78d66b4ab8919cfc42
qa/unit-02/worksheet02_exercise01_solution_prepare.json,626,d44fa56f4a6e5b837bcb0e2a3f722f4e6760e41dfeffd8e480dbe0be2c985687
qa/unit-02/worksheet02_exercise01_solution_sanitize.json,710,1c802147ce68687acb928b6123244794a0b297f0e984b1f0bdc0108169b13787
qa/unit-02/worksheet02_exercise01_solution_translation.json,1018,69340b2dde7a864c3f1885b02cfec348e0dc29ec73df1a5be5c9307adc3f3e78
qa/unit-02/worksheet02_exercise01_solution_translation.preflight.json,994,f0f2f93e3b380de41bca08fbb41f85ee41ef2ac68551842be2ea8355a02ea3d7
qa/unit-02/worksheet02_exercise02_solution_prepare.json,626,361c76254d6d8dfbf4122c2bf862ae7335bcc4757656b8b9f3295e6e172cf218
qa/unit-02/worksheet02_exercise02_solution_sanitize.json,712,1340f42d7aa82b8e022c78b7efd1bef98084fe9f2a8d0cb84daf92ef01a13a8e
qa/unit-02/worksheet02_exercise02_solution_translation.json,1128,70c455e4563799b1e6c22c2540aaa6a7c2a1f95c4a93780049b851d2e2d9b715
qa/unit-02/worksheet02_exercise02_solution_translation.preflight.json,995,99b349cbc96050c1cff1ea01fe519710521b55291e73cd2ee54314ed882ed22f
qa/unit-02/worksheet02_exercise07_solution_prepare.json,628,a823e2d4f54829f733d0f500c8c058c10b8bf3f6179545db8ede6bbf4ea5de4d
qa/unit-02/worksheet02_exercise07_solution_sanitize.json,713,817965edae47ceda54c31952c65bfd918488de79d2ff9ffe3700f47701f1fae0
qa/unit-02/worksheet02_exercise07_solution_translation.json,1042,265dbb4e801ed5110febf693e958d70422c6107365324c719c8e444e16bad342
qa/unit-02/worksheet02_exercise07_solution_translation.preflight.json,996,a7a84d984dbb36b96f5ec13e77c8a836d0b9054a09a9b1997df00fbd62b51b09
qa/unit-02/worksheet02_exercise12_solution_prepare.json,628,c8cf0af0944ad469793ead8cb535ff093a68749801c1696823e2448625cd2574
qa/unit-02/worksheet02_exercise12_solution_sanitize.json,713,8b6daa1de5673a078866c624da8cb716e81a0d853bfb1ed6988e865244cb10ce
qa/unit-02/worksheet02_exercise12_solution_translation.json,998,42ead25b2fe172a6461f755d096be8e3b4718d2374b84d73cceb1b9b10ac0804
qa/unit-02/worksheet02_exercise12_solution_translation.preflight.json,998,4e03183c9ff043c92353f2e2b354ff2638a766a472c675f0deaa9e661b4e969b
qa/unit-02/worksheet02_exercise13_solution_prepare.json,754,cf5f3d783e3e7ef8dd80c6151b66630e85b6aa5a2ba18301519cb456875766ed
qa/unit-02/worksheet02_exercise13_solution_sanitize.json,713,59ec7fd089fd11108358cde7a1d380017612645b3407b74a9bd04e0aec9d7eff
qa/unit-02/worksheet02_exercise13_solution_translation.json,1065,265763ed9ae776aa6915bd81cf9f1110576ab98e1d7dfd9b868f1496701c69ba
qa/unit-02/worksheet02_exercise13_solution_translation.preflight.json,997,5498b406eaf6288c5cc2f63306a3ec0b041cb48dbe4204a5d9a76cc97a968d32
qa/unit-02/worksheet02_prepare.json,1021,e7243774f0ae3eacbfe1dfb4e847e40aaf35e69b00c3c400178964d1bf494f89
qa/unit-02/worksheet02_sanitize.json,676,b6437a7d46a411f7dba7099caab707db4196bdc9034a59105068b844ef5cbace
qa/unit-02/worksheet_translation.json,1141,82a6af0a896622443f381a80067b021eb72585e7d700f5b6e1922702e8ac8b0a
qa/unit-02/worksheet_translation.preflight.json,973,2ea8c98025775110a280df742f0845a7e4bff175da8a994add783d62552c6170
qa/unit-02_media.json,3744,2e972a199e18fae648c4c07876d298e31e10f9f8ae452a07be104b3db5b0eddc
qa/unit-03/AUTHORITY_PREFLIGHT.json,36951,654045743462e239dd8b10a5f755b3e0400d39cebeaf0fe20b0330e3b68cdf8c
qa/unit-03/AUTHORITY_PREFLIGHT.md,6523,315dd4f3b14881c243ffae0733366acd3562d7a35904ecf1f2870e6b23598255
qa/unit-03/AUTHORITY_PREFLIGHT_VERIFY.json,517,44c8f92ecedf011bd1c8d2b18263303b189649a9aefb611101a26ef44c900bf3
qa/unit-03/LECTURE_FINDINGS.md,6633,3c684a54ed5194e7f3a9888a648dfedb1bc1957e8e1e85c6cccc3c68de7bbd6c
qa/unit-03/LECTURE_TERMS_PROPOSED.csv,1573,e212236b79ff6af5645604ab75c7b80b3f697b0509fdc9374b56d7c173d45276
qa/unit-03/POST_REPAIR_MATH_AUDIT.md,8652,8c82fb8a7b4ec324f7284676bdffbbe9a5b323d15c3dfcf10977a287c9c56086
qa/unit-03/RELEASE_MANIFEST.csv,34420,3913c22bc2893adbd3c3a79305e78b80dbb9302a69b45754f07d09692e5ce282
qa/unit-03/RELEASE_NOTES.md,1531,ec77d168b1005e8107d30a91f1a8bdccb10fbdd6e3f081be909141632cbf6916
qa/unit-03/UNIT_03_QA.md,7211,7781e297f7fb1688e271c8b7cc507d8efeac2d25b9ea8f84b046e3b68e3d9943
qa/unit-03/WORKSHEET_FINDINGS.md,5028,889a19bc18969393d9a24c604b2837b88fef50754af80ed2463ba1612e49b613
qa/unit-03/WORKSHEET_REVIEW.json,3270,8eb5dc450cead0c6621e004f5c56cf334d234cc7675a3f1b322c321146d897bf
qa/unit-03/WORKSHEET_TERMS_PROPOSED.csv,1571,28335407201fcfb2b2fb23d15a870aa59891dcde2b8cb91586ee6a2832cd8ec0
qa/unit-03/backend_qa.json,3460,616df624197490ec322bdb488df56a233d426ddd06ac2dc64e2de46b1c70f6ca
qa/unit-03/build.json,6235,db42218c113657e673887895c08c24b2e1c7de5fdd069e350586bccfc53fd758
qa/unit-03/lecture03_prepare.json,1508,a6eb297e4eb5d5a7f5c13feb3268a855f5b0c34ffeee9a0d23afd83700f2f539
qa/unit-03/lecture03_sanitize.json,672,0ac55489e6c17145f0c913622ebe596557f8fc3c73393dae99a9890c5f3a7a0f
qa/unit-03/lecture_translation.json,1043,c94d1cd6c695593bb5e1f59a77718ee325ccdb256bafa3cf3984096dc9077d3d
qa/unit-03/pdf_structural_qa.json,14420,f7b5661749f631e30b8c14e50590751dc4b343e1092b72e2f9b874f89b44cc9e
qa/unit-03/solution_closure.json,14659,83ffba8238ce60a2f065c45ab4242f7042dbef83b29b3f7bdf0cf4d1f6f8caed
qa/unit-03/visual_qa.json,3921,669c9bc22dc4374515c7f68daf94a507dcc376428113f67046e884ea8be33010
qa/unit-03/worksheet03_exercise07_solution_prepare.json,628,0290c030166aefe066adb5894437c8d3cacb06a28f972a17adb556d99ba4d155
qa/unit-03/worksheet03_exercise07_solution_sanitize.json,713,30343f752d0a1583e009ed9836533296d25938d18dac80c6dd5d4d1ef25890e6
qa/unit-03/worksheet03_exercise07_solution_translation.json,998,b0a310d469e4a421cfb70942a0df922447946b900470aeab481ee999dd748694
qa/unit-03/worksheet03_exercise16_solution_prepare.json,735,e942f3d221ec52ceab9c8ef365400c150ed5c94a8fac5c76875dcc453f1c72b5
qa/unit-03/worksheet03_exercise16_solution_sanitize.json,713,99ddc140331c1f0296840ad298a29afd3bc9541456b497e411c5f03d791b5643
qa/unit-03/worksheet03_exercise16_solution_translation.json,997,1aa1c1feac878b9871bfc415e38015a0d929ebc7775b42cc1515fa3b568cfbad
qa/unit-03/worksheet03_prepare.json,1047,b583b81f2a9eda7fb9fa33416d73a425d006e4abb7a029f9c6a3ad8a90339038
qa/unit-03/worksheet03_sanitize.json,675,d647f066cbd4140b676222498cb00f88fec63205ee58bb7c9fd9ba0d0ea7c2c0
qa/unit-03/worksheet03_translation.json,1066,bf1decadfc0aaa53428e46c3ec590514bf78466b24088e60c043cc9ba1d42765
qa/unit-03_media.json,5698,a6af5b76a899633f366a024edd59181186846a045821aa74d8e6a2b51ab74936
qa/unit-04/AUTHORITY_ANOMALIES.md,4615,dab36b02cc0f1ab9cf2177a1d615709851f2a869c35cc01e5f8e127ef36f7bd1
qa/unit-04/AUTHORITY_PREFLIGHT.json,26771,0a2f455c500cad070fe8d5970786189840fd90cbb856101c7cd177de0bdefa36
qa/unit-04/AUTHORITY_PREFLIGHT.md,8888,433ec90a618e318d1b15d40dfe45ee57599918267b5648a9e665450f83dd60bb
qa/unit-04/AUTHORITY_PREFLIGHT_VERIFY.json,517,3dbcb88246dff59e786257882e671072588bd50a4fd98bfb0ba7a2b374700893
qa/unit-04/CURRENT_REVISION_CHECK.json,3063,357a36764e1f2b397b3130c482c85ddd592cf874cbb3db5028053d1e354066ab
qa/unit-04/LECTURE_FINDINGS.md,4485,aa3b5295a7c0b4b113b74bf623c25f593e92c62ffa1b591b36bd1977a10a10b3
qa/unit-04/LECTURE_TERMS_PROPOSED.csv,1883,be26d889c4ff066619ec7dd49994abc926d1b373603ea196b47fb8cbecf6ecc5
qa/unit-04/OFFICIAL_PDF_STRUCTURAL_VISUAL_QA.json,2310,b5395fd883a60fc6bb99f4c2e1050131ad59a18475c3626163b1dfa87a0f5cc5
qa/unit-04/OFFICIAL_PDF_WITNESS.json,947,87422827230c2ce2faac3f957999b56c72cc1ea1cc11094652c800a44efbf05b
qa/unit-04/POST_REPAIR_MATH_AUDIT.md,11563,814052c6ae88232593ed9cb9d1980612c8fd2e027ead853c2babae3fe0bb1f4f
qa/unit-04/RELEASE_NOTES.md,2231,001c8aa1ead0cb3a71c17e1af375edae7ec5d6134d1f93eedab3a52b12e08ed9
qa/unit-04/STRUCTURAL_QA.json,15506,ad26e5f7bd9f525376b77cba0880da31730369a516a656b8d17d2f72e1503896
qa/unit-04/UNIT_04_QA.md,7843,81ae622d1d299a79e4ccaae150176ebc9eafe8b0f502be9852bcf729c21ae037
qa/unit-04/VISUAL_QA.md,2418,261b98fe10e34a34fe66461a7a87072b9b666dd78ec9516702454c4eb9d6b90a
qa/unit-04/WORKSHEET_FINDINGS.md,3077,c7fe968410c3653e8849b6b0d6b5ba13bb276af8e2cebd189713afb840c89a64
qa/unit-04/backend_qa.json,4881,706a2794d57b00673cecd07688277fcdcb65233fc82c6f047ec37e60197cc720
qa/unit-04/build.json,7319,312fe8f8e46a2ebbae1c9984b495941952335082abbec48180bab40b7b2632e9
qa/unit-04/lecture04_prepare.json,3813,82c91a12b9f961569a2e609ae9c65ab4240044eb681dbfd7fc7a916941858bcc
qa/unit-04/lecture04_sanitize.json,672,4f7fd817db9ed7393fe0a1e3b06d1489758033c5ef8641da5c8ef1df0535c960
qa/unit-04/lecture04_translation.json,1314,bac1e9f1577535848e1e7fc455f7a651952d8285050d56a45656e9dead6c78b2
qa/unit-04/media_closure.json,1827,acf2a10f7daab6d4d4b62e6a9735041d3b1e519b9139f93ee815324e4a9ee289
qa/unit-04/solution_closure.json,13097,cbb81ccdd6115044d52b4dc61013b61bc61a38ee5565cb81f58674555548d5f7
qa/unit-04/worksheet04_exercise07_solution_prepare.json,652,14ab799249349494df04987b6d44e977521bb578300658856734f83ea5796e4a
qa/unit-04/worksheet04_exercise07_solution_sanitize.json,713,c49272c577a51f6c77630a62e7aaabbf8ed2538a227a49a9835a334a4fde522f
qa/unit-04/worksheet04_exercise07_solution_translation.json,1205,add512ed7a75c29cc00e306d9f8fe3617b8b86d1443467bea1ec8ae7ecb02d2b
qa/unit-04/worksheet04_exercise10_solution_prepare.json,652,d54ff339570fe189781c8319eea0a91481f4dafaadfae94e26270ab6b0528f4c
qa/unit-04/worksheet04_exercise10_solution_sanitize.json,713,9313db2f6ccde3d55d3f01929532ff8c4fc21be8fc8e2027d766ed714fdacc2e
qa/unit-04/worksheet04_exercise10_solution_translation.json,1206,fd75703de97c3e53ea528a9bb862fce76645f6de31f2865cc54f99d0bf8d5297
qa/unit-04/worksheet04_prepare.json,730,aa4a250bc5e6878c608dc33d1391e0fcc317aef35ce875f7b31cc509784458a7
qa/unit-04/worksheet04_sanitize.json,676,6a4d8ee9d6f40147159f5d393daeac7b694ddf10bc1699995ad15a915937493b
qa/unit-04/worksheet04_translation.json,1104,60e22fe368748abdad2b2153321723ba6f16479f1afd615697747f9b8912d0b3
qa/unit-04_media.json,763,f5fdcd22e5e670b3c311542a6ae6440d2044499a0aa87b130711b4467a276689
qa/worksheet01_exercise01_solution_prepare.json,628,e0f14834927ed8770fd52416e30274921178f770907bc52df47d2e651303e84a
qa/worksheet01_prepare.json,590,dfd5aa2555ae45796667620fa09f47816b25c56471e14cc45a281f3d8bbb0258
qa/worksheet01_sanitize.json,676,b3b7e320bf19a452fd00482de4d87bfa66c70663926e06a16ad92a1eeb437c64
scripts/build_through_unit02.ps1,11669,74e62803bd848daced09437ceb7c83877283c417db0562afebe4cc60bded086e
scripts/build_through_unit03.ps1,12782,b3099b9b63c5ade4423e09f9f206cfd7c70306af2b21650abebb630a72bee088
scripts/build_through_unit04.ps1,14550,5b448deaa310b53e6e9dc4b71cb79e84d66cafe214b10142278cf69028493782
scripts/build_unit01.ps1,7882,47808c38976b971883976aac7a1805ad62456ca17a69074dfa514eb8dc47a614
scripts/export_backend.py,34499,b17c983ffbb5db4e1a7277394f8300657da28520ba06dda83ba8afdb10ee2022
scripts/export_backend_v2.py,43118,cc86eac1ed208f44691038f4f6b24f558b4d71e838c455ad9b18c3464d5b1836
scripts/export_backend_v3.py,75056,b5babf58c03ebdf2725287e9d4524d373017c82f58bb66a1b3578201280fff4d
scripts/export_backend_v4.py,57348,77351c1f1afb03774774bc7a50b958fd51c6604db6be570312c992617495c57a
scripts/extract_selected_revision_manifests.ps1,3675,d3f30650b4430340423635440f912c17319c72e7277260e9303aa36ec8588cb0
scripts/freeze_unit02_solutions.py,9931,8c191af596b3bca8f2868ed96da19d9077186c1f9af4feb71cbd6d6c354d829f
scripts/freeze_unit04_pdf_witness.py,8663,b71c69cd02fa4b24439dd6e525380a7cd21db84a39f56014b5af1b70ab393a10
scripts/generate_authority_manifests.ps1,11572,5c493552b436d395cc820225e5f0c7f093856582572ae1cfce582a3b9f6630f3
scripts/generate_release_manifest.py,3402,c56fe237f0deeb307e87206556eb1c3920eec6b228d36d72cc0e985b2c5899f7
scripts/generate_unit02_preflight.py,16602,298ab1c25d88b98c5ee41857f72d4ae996762f0d1b64005fb452bb7c9f1bc0e6
scripts/make_portable_preamble.py,7896,1347a1b7b0d1b9f16bad25cf8acb337a0bc50f6138f561a89a3e88b5c9f9b11f
scripts/prepare_unit_media.py,10493,087f68c8cd7134fa0b2d08eb7548dbb46e0f1c2e330c93615fca002193b3deb4
scripts/prepare_unit_tex.py,5395,fabdd2117386a02f526ede0fa4c0dd40d075c070a72ace8a79e0392da94e63b2
scripts/sanitize_brenner_expand.py,3113,19b7098bf3b5bde934169ede20752b4014742c13cea72f135ee65822bc8c725a
scripts/verify_backend_v2.py,16334,c9bd19451ce21c68956b6a04442986436fa61583ca8f18eaba8fafd9dad35ccb
scripts/verify_backend_v3.py,60333,86db10307f332c668f1c083fc4a2e9319a70f25b4c67ed353ddc317e9767ac77
scripts/verify_backend_v4.py,39341,019979e9956cf751b1b2a7cfb5ce50c147affcf16b35408b2d74bc494d0f7647
scripts/verify_through_unit02_pdf.py,29042,999fca6d1f730608ec298fedac3ff8ce49a90a4703b4a886cde48b6dd0697e77
scripts/verify_through_unit03_pdf.py,40536,61afcdddb043e163427923ffefe0c49116a230255e756f737e4575b0372f5f4d
scripts/verify_through_unit04_pdf.py,42117,a31d6c40671c53ce1e29e70cbe61ca896ca1b27fc70bb16833e9fb38591c1c41
scripts/verify_unit01_pdf.py,9222,7693caff9463b72a3cb0f9711f05e4868243cee7139b0556fb766a01b2694479
scripts/verify_unit_authority_preflight.py,12512,79af7fbb1fdd023d1564bd77331129bb9777e1e91ecaa5346ccb2a9fc33a426b
scripts/verify_unit_translation.py,11207,176d5e184540a7bc397ec639e980b968b913bcbc796e7838ddf22e10bb8025de
source/unit_media.json,1546,2af86dd714f13273f38bd9abdd9245e5a183c22fbac5e9684127c98f443217d9
source/units/unit-01/lecture01.id.tex,28969,428546cce566f1a93e237699f584ff6687275f555d295d584bc394d12e96cffa
source/units/unit-01/worksheet01.id.tex,13470,a4ec57c7c380c8a8f607019b660279a7f5ffd1cf5ee0e432154608ca1628965c
source/units/unit-01/worksheet01_exercise01_solution.id.tex,2583,36f9b17c995afa4967c05fb119b15c18348dde5669a72140487c4d9ff33e12d5
source/units/unit-02/lecture02.id.tex,22694,3dec5f7c1ec47b2ea965481f78db8334ab4046b001c53dd58bde0b9d0bb4cc49
source/units/unit-02/worksheet02.id.tex,10576,677d9b244a2c30561f497e602e29081ca12f668d5a5ec3d116900c49a5bd5954
source/units/unit-02/worksheet02_exercise01_solution.id.tex,951,bf0788c3f5cc77324bca5dfc1a899b5410fa5a8312da7594b85993c9245a45fe
source/units/unit-02/worksheet02_exercise02_solution.id.tex,965,66ac0a6b86de21eee86a898fe7122644c932c4dff44bbc51845967a86b73e2fc
source/units/unit-02/worksheet02_exercise07_solution.id.tex,1499,405e59e8569d9ba8d8dd35ebe6b2ce693cb931d8ed42824d790baeba31fdd8d3
source/units/unit-02/worksheet02_exercise12_solution.id.tex,5009,1c04a8fd29888aa47633cffceb25104c6533e6c2b9e512ad663fd3742c581832
source/units/unit-02/worksheet02_exercise13_solution.id.tex,2532,a4a230b45de82885027722450d3a7f12fc63fe06187abab481788f7b37352ac0
source/units/unit-03/lecture03.id.tex,29657,769ec3b7e72159509ede182469711ce4093027de27096d5d256b88a6e7f32c16
source/units/unit-03/worksheet03.id.tex,10129,89b05cf8280045703c64e8a0d3540883196f6569f2c9e24f630a6b00ee703474
source/units/unit-03/worksheet03_exercise07_solution.id.tex,2895,e1ec57974437f39f778c9eadc26f3cd565cfe69e3f88980d644b2df93552bb36
source/units/unit-03/worksheet03_exercise16_solution.id.tex,2166,738506177ab79f47321e5e6e83b110bfae887161477abda8145dc7ff52c2ebf3
source/units/unit-04/lecture04.id.tex,28602,60a7a2cbfc96a9a510bfff935f40722458c85031214eeaf8ccf4e8df2af2bc81
source/units/unit-04/worksheet04.id.tex,11797,f3721ced8fc5db02dd600ff81f02455ec724f34c7a085f4280d8f5c2d14873f8
source/units/unit-04/worksheet04_exercise07_solution.id.tex,1983,6003193ccef4456ffcbe42e67068202567ceafe4897363aa4833b266aaf855d5
source/units/unit-04/worksheet04_exercise10_solution.id.tex,2661,a5d22c14d32b03265e532b34636da4d656d838cefe268c92d1ac3ec1ebd27de4
